<?xml version="1.0" encoding="UTF-8"?>
<project-private xmlns="http://www.netbeans.org/ns/project-private/1">
    <editor-bookmarks xmlns="http://www.netbeans.org/ns/editor-bookmarks/2" lastBookmarkId="0"/>
    <open-files xmlns="http://www.netbeans.org/ns/projectui-open-files/2">
        <group>
            <file>file:/C:/Users/Richard%20Vepo/Desktop/ServletExercicio1e2/nbproject/build-impl.xml</file>
            <file>file:/C:/Users/Richard%20Vepo/Desktop/ServletExercicio1e2/nbproject/genfiles.properties</file>
            <file>file:/C:/Users/Richard%20Vepo/Desktop/ServletExercicio1e2/nbproject/project.properties</file>
            <file>file:/C:/Users/Richard%20Vepo/Desktop/ServletExercicio1e2/nbproject/private/private.xml</file>
            <file>file:/C:/Users/Richard%20Vepo/Desktop/ServletExercicio1e2/nbproject/ant-deploy.xml</file>
            <file>file:/C:/Users/Richard%20Vepo/Desktop/ServletExercicio1e2/nbproject/project.xml</file>
            <file>file:/C:/Users/Richard%20Vepo/Desktop/ServletExercicio1e2/src/java/Exercicio2_Calculadora/Calculadora.java</file>
            <file>file:/C:/Users/Richard%20Vepo/Desktop/ServletExercicio1e2/web/index.jsp</file>
            <file>file:/C:/Users/Richard%20Vepo/Desktop/ServletExercicio1e2/nbproject/private/private.properties</file>
            <file>file:/C:/Users/Richard%20Vepo/Desktop/ServletExercicio1e2/src/conf/MANIFEST.MF</file>
        </group>
    </open-files>
</project-private>
